{
  "best_parameters": {
    "Kp": 25.797518042562174,
    "Ki": 28.80518204256619,
    "Kd": 0.020109883645525795
  },
  "best_fitness": 0.17205,
  "fitness_history": [
    1002.8361699999999,
    849.0545699999999,
    849.0545699999999,
    0.18059999999999998,
    0.18059999999999998,
    0.18059999999999998,
    0.17205,
    0.17205,
    0.17205,
    0.17205,
    0.17205
  ],
  "config": {
    "kp_range": [
      10.0,
      30.0
    ],
    "ki_range": [
      0.0,
      30.0
    ],
    "kd_range": [
      -10.0,
      10.0
    ],
    "pop_size": 10,
    "max_iterations": 15
  }
}