{
  "best_parameters": {
    "Kp": 20.401785887430457,
    "Ki": 15.976880667667668,
    "Kd": 0.1202671216060506
  },
  "best_fitness": 0.34965,
  "fitness_history": [
    34.64787,
    34.64787,
    34.64787,
    2.67592,
    0.50534,
    0.50534,
    0.48458999999999997,
    0.46217,
    0.34965
  ],
  "config": {
    "kp_range": [
      10.0,
      30.0
    ],
    "ki_range": [
      0.0,
      30.0
    ],
    "kd_range": [
      -10.0,
      10.0
    ],
    "pop_size": 6,
    "max_iterations": 8
  }
}