{
  "best_parameters": {
    "Kp": 15.377632636612395,
    "Ki": 30.0,
    "Kd": -0.12410526650026887
  },
  "best_fitness": 0.1726,
  "fitness_history": [
    849.0612199999999,
    0.20005,
    0.20005,
    0.20005,
    0.20005,
    0.1726,
    0.1726,
    0.1726,
    0.1726
  ],
  "config": {
    "kp_range": [
      10.0,
      30.0
    ],
    "ki_range": [
      0.0,
      30.0
    ],
    "kd_range": [
      -10.0,
      10.0
    ],
    "pop_size": 6,
    "max_iterations": 8
  }
}